Workbook

Sheet Database
A1: Date | B1: Employee ID | C1: Employee Name | D1: Department | E1: In Time | F1: Out Time | G1: Work Hours | H1: Late Minutes | I1: Overtime Hours | J1: Status | K1: Remarks
A2: 46197 | B2: EMP008 | C2: Sadia Rahman | D2: Customer Support | E2: 0.40625 | F2: 0.83333333 | G2: 10.25 | H2: 0 | I2: 1 | J2: Present | K2: Client support
A3: 46196 | B3: EMP011 | C3: Ayesha Siddika | D3: HR | E3: 0.39583333 | F3: 0.54166667 | G3: 3.5 | H3: 0 | I3: 0 | J3: Half Day | K3: Personal work
A4: 46196 | B4: EMP006 | C4: Farzana Akter | D4: Accounts | E4: 0.32291667 | F4: 0.83333333 | G4: 12.25 | H4: 0 | I4: 3 | J4: Present
A5: 46196 | B5: EMP003 | C5: Hasan Ali | D5: Finance | E5: 0.375 | F5: 0.80208333 | G5: 10.25 | H5: 30 | I5: 1.75 | J5: Late | K5: Month end closing
A6: 46196 | B6: EMP002 | C6: Karim Hossain | D6: HR | E6: 0.38888889 | F6: 0.78125 | G6: 9.4166667 | H6: 0 | I6: 0.25 | J6: Present
A7: 46226 | B7: EMP001 | C7: Rahim Ahmed | D7: Sales | E7: 0.36805556 | F7: 0.8125 | G7: 10.666667 | H7: 0 | I7: 1.5 | J7: Present | K7: Team meeting
A8: 46195 | B8: EMP013 | C8: Shakil Ahmed | D8: IT | E8: 0.375 | F8: 0.85416667 | G8: 11.5 | H8: 0 | I8: 2.5 | J8: Present | K8: System maintenance
A9: 46195 | B9: EMP008 | C9: Sadia Rahman | D9: Customer Support | E9: 0.41666667 | F9: 0.875 | G9: 11 | H9: 0 | I9: 2 | J9: Present | K9: Client support
A10: 46195 | B10: EMP003 | C10: Hasan Ali | D10: Finance | E10: 0.375 | F10: 0.78125 | G10: 9.75 | H10: 30 | I10: 1.25 | J10: Late | K10: Task completion
A11: 46195 | B11: EMP005 | C11: Tanvir Islam | D11: IT | E11: 0.375 | F11: 0.85416667 | G11: 11.5 | H11: 0 | I11: 2.5 | J11: Present | K11: Client support
A12: 46195 | B12: EMP002 | C12: Karim Hossain | D12: HR | E12: 0.38888889 | F12: 0.77083333 | G12: 9.1666667 | H12: 0 | I12: 0 | J12: Present
A13: 46195 | B13: EMP001 | C13: Rahim Ahmed | D13: Sales | E13: 0.38541667 | F13: 0.83333333 | G13: 10.75 | H13: 15 | I13: 2 | J13: Late | K13: Official work
A14: 46200 | B14: EMP009 | C14: Imran Kabir | D14: Procurement | E14: 0.375 | F14: 0.85416667 | G14: 11.5 | H14: 0 | I14: 2.5 | J14: Present | K14: Team meeting
A15: 46199 | B15: EMP020 | C15: Jannatul Ferdous | D15: Logistics | E15: 0.36805556 | F15: 0.83333333 | G15: 11.166667 | H15: 0 | I15: 2 | J15: Present | K15: Urgent task
A16: 46168 | B16: EMP011 | C16: Ayesha Siddika | D16: HR | E16: 0.41666667 | F16: 0.76388889 | G16: 8.3333333 | H16: 30 | I16: 0 | J16: Late
A17: 46197 | B17: EMP015 | C17: Arif Hossain | D17: Operations | E17: 0.375 | F17: 0.76041667 | G17: 9.25 | H17: 0 | I17: 0.25 | J17: Present
A18: 46227 | B18: EMP012 | C18: Rifat Chowdhury | D18: Sales | E18: 0.36805556 | F18: 0.8125 | G18: 10.666667 | H18: 0 | I18: 1.5 | J18: Present | K18: Team meeting
A19: 46226 | B19: EMP010 | C19: Mehedi Hasan | D19: Logistics | E19: 0.35416667 | F19: 0.83333333 | G19: 11.5 | H19: 0 | I19: 2 | J19: Present | K19: Client support
A20: 46196 | B20: EMP004 | C20: Nusrat Jahan | D20: Marketing | E20: 0.4375 | F20: 0.80208333 | G20: 8.75 | H20: 30 | I20: 0.25 | J20: Late
A21: 46225 | B21: EMP007 | C21: Mahmud Hasan | D21: Operations | E21: 0.38194444 | F21: 0.85416667 | G21: 11.333333 | H21: 0 | I21: 2 | J21: Present | K21: Month end closing

Sheet Dashboard
A1: EMPLOYEE ATTENDANCE DASHBOARD
A6: Total Records | C6: Present Count | E6: Late Count | G6: Total Overtime Hours | I6: Average Work Hours
A8: =COUNTA(Database!A2:A1000) -> 20 | C8: =COUNTIF(Database!J2:J1000,"Present") -> 14 | E8: =COUNTIF(Database!J2:J1000,"Late") -> 5 | G8: =SUM(Database!I2:I1000) -> 28.25 | I8: =ROUND(AVERAGE(Database!G2:G1000),2) -> 10.13
A11: Status Chart | H11: Department-wise Attendance
A13: Status | B13: Count | H13: Department | I13: Count
A14: Present | B14: =COUNTIF(Database!J2:J1000,"Present") -> 14 | H14: Sales | I14: =COUNTIF(Database!D2:D1000,"Sales") -> 3
A15: Late | B15: =COUNTIF(Database!J2:J1000,"Late") -> 5 | H15: HR | I15: =COUNTIF(Database!D2:D1000,"HR") -> 4
A16: Half Day | B16: =COUNTIF(Database!J2:J1000,"Half Day") -> 1 | H16: Finance | I16: =COUNTIF(Database!D2:D1000,"Finance") -> 2
H17: IT | I17: =COUNTIF(Database!D2:D1000,"IT") -> 2
H18: Operations | I18: =COUNTIF(Database!D2:D1000,"Operations") -> 2
H19: Logistics | I19: =COUNTIF(Database!D2:D1000,"Logistics") -> 2

Sheet Form
C2: Employee Attendance Entry Form
H3: =D5 | I3: =D7 | J3: =D9 | K3: =D11 | L3: =D13 | M3: =D15 | N3: =D17 -> 0 | O3: =D19 | P3: =D21 | Q3: =D23 | R3: =D25
C5: Date
C7: Employee ID
C9: Employee Name | D9: {=XLOOKUP(D7,'Employee List'!A2:A1000,'Employee List'!B2:B1000,"")}
C11: Department | D11: {=XLOOKUP(D7,'Employee List'!A2:A1000,'Employee List'!C2:C1000,"")}
C13: In Time
C15: Out Time
C17: Work Hours | D17: =(D15-D13)*24 -> 0
C19: Late Minutes | D19: {=IF(OR(D7="",D13=""),"",MAX(0,ROUND((D13-XLOOKUP(D7,'Employee List'!A:A,'Employee List'!D:D,""))*1440,0)))}
C21: Overtime Hours | D21: {=IF(OR(D7="",D15=""),"",MAX(0,ROUND((D15-XLOOKUP(D7,'Employee List'!A:A,'Employee List'!E:E,""))*24,2)))}
C23: Status | D23: =IF(D19="","",IF(D17<4,"Half Day",IF(D19>0,"Late","Present")))
C25: Remarks

Sheet Remarks
A1: Situation | B1: Remarks Example | D1: Situation | E1: Remarks
A2: স্বাভাবিক উপস্থিতি | B2: (Blank) বা - | D2: 20–30 মিনিট বেশি কাজ | E2: Overtime
A3: Late | B3: Traffic Jam | D3: কাজ শেষ করতে হয়েছে | E3: Task Completion
A4: Late | B4: Heavy Rain | D4: জরুরি কাজ | E4: Urgent Task
A5: Late | B5: Medical Appointment | D5: মাসের শেষের রিপোর্ট | E5: Month-End Closing
A6: Half Day | B6: Personal Work | D6: ক্লায়েন্টের কাজ | E6: Client Support
A7: Half Day | B7: Sick Leave (Half Day) | D7: টিম মিটিং | E7: Team Meeting
A8: Overtime | B8: Month End Closing | D8: সিস্টেম আপডেট | E8: System Maintenance
A9: Overtime | B9: Urgent Client Work | D9: অতিরিক্ত অফিসিয়াল কাজ | E9: Official Work
A10: Early Leave | B10: Family Emergency | D10: ম্যানেজারের অনুরোধে | E10: Manager's Request
A11: Work From Home | B11: WFH
A12: Official Visit | B12: Client Meeting
A13: Training | B13: Internal Training

Sheet Employee List
A1: Employee ID | B1: Employee Name | C1: Department | D1: Shift Start | E1: Shift End
A2: EMP001 | B2: Rahim Ahmed | C2: Sales | D2: 0.375 | E2: 0.75
A3: EMP002 | B3: Karim Hossain | C3: HR | D3: 0.39583333 | E3: 0.77083333
A4: EMP003 | B4: Hasan Ali | C4: Finance | D4: 0.35416667 | E4: 0.72916667
A5: EMP004 | B5: Nusrat Jahan | C5: Marketing | D5: 0.41666667 | E5: 0.79166667
A6: EMP005 | B6: Tanvir Islam | C6: IT | D6: 0.375 | E6: 0.75
A7: EMP006 | B7: Farzana Akter | C7: Accounts | D7: 0.33333333 | E7: 0.70833333
A8: EMP007 | B8: Mahmud Hasan | C8: Operations | D8: 0.39583333 | E8: 0.77083333
A9: EMP008 | B9: Sadia Rahman | C9: Customer Support | D9: 0.41666667 | E9: 0.79166667
A10: EMP009 | B10: Imran Kabir | C10: Procurement | D10: 0.375 | E10: 0.75
A11: EMP010 | B11: Mehedi Hasan | C11: Logistics | D11: 0.375 | E11: 0.75
A12: EMP011 | B12: Ayesha Siddika | C12: HR | D12: 0.39583333 | E12: 0.77083333
A13: EMP012 | B13: Rifat Chowdhury | C13: Sales | D13: 0.375 | E13: 0.75
... A21: EMP020 | B21: Jannatul Ferdous | C21: Logistics | D21: 0.375 | E21: 0.75
